{
  "data_quality": {
    "variable_quality": {
      "dsr_cognitive": {
        "n": 10012,
        "missing_pct": 0.0,
        "mean": 0.3077449907784049,
        "std": 0.12674073880987438,
        "cv": 0.41183688640812166,
        "skewness": -0.9692090821143058,
        "kurtosis": -0.8489657320944599,
        "unique_values": 9918,
        "zero_variance": false
      },
      "tl_functional": {
        "n": 10012,
        "missing_pct": 0.0,
        "mean": 0.3745059944397589,
        "std": 0.0766227298306803,
        "cv": 0.20459680477292183,
        "skewness": 0.2514231012428269,
        "kurtosis": -0.3720152559325771,
        "unique_values": 9998,
        "zero_variance": false
      },
      "cs_output": {
        "n": 10012,
        "missing_pct": 0.0,
        "mean": 0.550676538496558,
        "std": 0.04567842254707301,
        "cv": 0.08294964349086487,
        "skewness": -0.18623019951213057,
        "kurtosis": 0.1498604338924543,
        "unique_values": 10008,
        "zero_variance": false
      }
    },
    "time_series_issues": {
      "time_interval_uniform": false,
      "autocorrelations": {
        "dsr_cognitive": {
          "lag1": 0.0508085328169757,
          "lag10": 0.06045473600596015
        },
        "tl_functional": {
          "lag1": 0.0627569431352988,
          "lag10": 0.05419566380913892
        },
        "cs_output": {
          "lag1": 0.12083456816528057,
          "lag10": 0.14340741449002622
        }
      },
      "stationarity": {
        "dsr_cognitive": {
          "stationary": false,
          "p_value": 3.1644840858115593e-29
        },
        "tl_functional": {
          "stationary": false,
          "p_value": 1.96571019634585e-52
        },
        "cs_output": {
          "stationary": true,
          "p_value": 0.13543856047246863
        }
      },
      "main_issue": "非平稳性 - 存在趋势或结构性变化"
    },
    "aggregation_problems": {
      "current_level": "问答单元级别（过细）",
      "indicators": {
        "unique_dates": 989,
        "records_per_date": 10.12335692618807,
        "date_coverage_days": 1559
      },
      "recommendation": "考虑按日期或会话聚合"
    },
    "measurement_error": {
      "variable_errors": {
        "dsr_cognitive": {
          "local_noise": 0.11942895353768887,
          "residual_std": 0.1255520712611741,
          "signal_std": 0.12674073880987438,
          "snr": 1.0612228865413116
        },
        "tl_functional": {
          "local_noise": 0.07261140772608267,
          "residual_std": 0.0753322357090434,
          "signal_std": 0.0766227298306803,
          "snr": 1.0552436900786972
        },
        "cs_output": {
          "local_noise": 0.04138169519050192,
          "residual_std": 0.045475592803079216,
          "signal_std": 0.04567842254707301,
          "snr": 1.1038315935775702
        }
      },
      "estimated_snr": 1.073432723399193,
      "noise_dominates": true
    },
    "critical_issues": []
  },
  "signal_analysis": {
    "pca": {
      "explained_variance_ratio": [
        0.6370174796739702,
        0.23190893202861063,
        0.13107358829741925
      ],
      "cumulative_variance": [
        0.6370174796739702,
        0.8689264117025808,
        1.0
      ],
      "effective_dimensions": 3,
      "first_pc_loadings": [
        0.6182521387513585,
        0.6049780654826564,
        0.5017627260112433
      ]
    },
    "frequency": {
      "variable_spectra": {
        "dsr_cognitive": {
          "dominant_frequencies": [
            0.24920095884938073,
            0.0004994007191370355,
            0.000998801438274071,
            0.0007990411506192569,
            0.0002996404314822213
          ],
          "spectral_entropy": 8.081228139371813,
          "low_freq_power_ratio": 0.22787802691778763
        },
        "cs_output": {
          "dominant_frequencies": [
            9.988014382740711e-05,
            0.0004994007191370355,
            0.00039952057530962844,
            0.00019976028765481422,
            0.0002996404314822213
          ],
          "spectral_entropy": 7.583520037104355,
          "low_freq_power_ratio": 0.2985749485399007
        }
      },
      "periodic_signal": false,
      "dominant_frequencies": "混合频率"
    },
    "mutual_information": {
      "pairwise_mi": {
        "dsr_cognitive_tl_functional": 0.25085599763113553,
        "dsr_cognitive_cs_output": 0.10220698555064711,
        "tl_functional_cs_output": 0.07160349055567039
      },
      "dsr_cs_mi": 0.10220698555064711,
      "conditional_mi_dsr_cs_given_tl": 0.030610818965473463,
      "total_dependency": 0.42466647373745303
    },
    "nonlinearity": {
      "linear_r2": 0.04242654372813248,
      "nonlinear_r2": -0.08850597134181615,
      "nonlinearity_gain": -0.13093251506994863,
      "significant_nonlinearity": false
    },
    "signal_type": "复杂多因子信号"
  },
  "pattern_detection": {
    "clustering": {
      "optimal_clusters": 2,
      "silhouette_score": 0.36892231373208784,
      "cluster_sizes": [
        4268,
        5744
      ],
      "cluster_centers": [
        [
          0.208173300359847,
          0.31478288879049865,
          0.5189514311539017
        ],
        [
          0.3817908142000771,
          0.41891868359377166,
          0.5742687029607065
        ]
      ]
    },
    "anomalies": {
      "anomaly_ratio": 0.050039952057530965,
      "anomaly_count": 501,
      "anomaly_dates": [
        "2021-03-22 00:00:00",
        "2021-03-23 00:00:00",
        "2021-03-25 00:00:00",
        "2021-03-30 00:00:00",
        "2021-03-30 00:00:00",
        "2021-04-06 00:00:00",
        "2021-04-06 00:00:00",
        "2021-04-13 00:00:00",
        "2021-04-13 00:00:00",
        "2021-04-14 00:00:00"
      ],
      "anomaly_context_distribution": {
        "3": 263,
        "2": 122,
        "1": 116
      }
    },
    "transitions": {
      "variable_transitions": {
        "dsr_cognitive": 59,
        "functional_complementarity": 52
      },
      "significant_transitions": [
        411,
        510,
        703,
        984,
        1501,
        1561,
        2271,
        2447,
        2512,
        2563,
        2700,
        2771,
        3646,
        4136,
        4371,
        4603,
        4757,
        4809,
        5053,
        5175,
        5458,
        5679,
        5815,
        6030,
        6134,
        6255,
        6351,
        6430,
        6489,
        6558,
        6630,
        6941,
        6998,
        7148,
        7327,
        7553,
        7687,
        7976,
        8309,
        8448,
        8565,
        8653,
        8717,
        8805,
        8856,
        8907,
        8964,
        9028,
        9139,
        9302,
        9396,
        9447,
        9498,
        9549,
        9634,
        9685,
        9737,
        9891,
        9976,
        103,
        630,
        697,
        1440,
        1502,
        1956,
        2053,
        2535,
        2722,
        3122,
        3326,
        3666,
        4248,
        4368,
        4674,
        4788,
        5090,
        5145,
        5455,
        5745,
        5816,
        6140,
        6252,
        6432,
        6598,
        6683,
        6899,
        6950,
        7143,
        7552,
        7680,
        7853,
        8336,
        8449,
        8552,
        8806,
        8906,
        9062,
        9129,
        9301,
        9357,
        9427,
        9524,
        9647,
        9698,
        9903
      ],