{
  "temporal_causality": {
    "granger_causality": {
      "dsr_to_cs": {
        "min_p_value": 0.06890162714562115,
        "optimal_lag": 1,
        "significant": false
      }
    },
    "var_model": {
      "optimal_lag": 4,
      "aic": -18.136033343757386,
      "coefficients": {
        "dsr_to_dsr": 0.6466536181741668,
        "cs_to_dsr": -0.0036447840678484056,
        "dsr_to_cs": -0.06146019293247201,
        "cs_to_cs": 0.7780146760010129
      }
    },
    "impulse_response": {
      "dsr_shock_to_cs": [
        0.0011589780611838383,
        -0.00011699871074938556,
        -0.0010893691526715358,
        -0.001235265853074283,
        -0.0001477906059038582,
        0.00023415115630277448,
        0.00041234440896921226,
        0.0007775948986398476,
        0.0013215013853655935,
        0.0017865142732943265,
        0.0019322669619233658
      ],
      "cs_shock_to_dsr": [
        0.0,
        -2.1445972095110803e-05,
        0.0003172030606412002,
        -0.0025702146067305594,
        0.00019117742696763817,
        0.000954664563416724,
        0.00134751393547046,
        0.002165904135982462,
        0.0024846971957282614,
        0.0032095484703234633,
        0.003534760677550197
      ]
    },
    "variance_decomposition": {
      "dsr_contribution_to_cs": [
        0.999998819241575,
        0.02383264444182903
      ],
      "cs_self_contribution": [
        1.1807584247383204e-06,
        0.976167355558171
      ]
    },
    "stationarity": {
      "dsr_cognitive": {
        "adf_statistic": -2.7417590575545243,
        "p_value": 0.06708666019557093,
        "is_stationary": false
      },
      "cs_output": {
        "adf_statistic": -5.757327568209522,
        "p_value": 5.779099090295223e-07,
        "is_stationary": true
      },
      "constitutive_index": {
        "adf_statistic": -2.101684854882796,
        "p_value": 0.24383765282958153,
        "is_stationary": false
      }
    }
  },
  "s_curve_fitting": {
    "s_curve_parameters": {
      "dsr_cognitive": {
        "L": 0.3238381862868345,
        "k": 0.10000000000000002,
        "t0": 2021.0000000000025,
        "r_squared": -0.1568293018306628
      },
      "constitutive_index": {
        "L": 0.37424824514500693,
        "k": 0.10000000000000002,
        "t0": 2021.000000000017,
        "r_squared": -0.16035161485652694
      },
      "dsr_integration_depth": {
        "L": 0.31187013064199515,
        "k": 0.10000000000000002,
        "t0": 2021.0000000000018,
        "r_squared": -0.1512949259458698
      }
    },
    "growth_phases": {
      "dsr_cognitive": [
        {
          "year": 2021,
          "phase": "rapid_growth",
          "growth_rate": 0.01877580858036132
        },
        {
          "year": 2022,
          "phase": "rapid_growth",
          "growth_rate": 0.018729063848097555
        },
        {
          "year": 2023,
          "phase": "consolidation",
          "growth_rate": 0.018589756053545015
        },
        {
          "year": 2024,
          "phase": "consolidation",
          "growth_rate": 0.018360625659966157
        },
        {
          "year": 2025,
          "phase": "consolidation",
          "growth_rate": 0.018224058328676074
        }
      ],
      "constitutive_index": [
        {
          "year": 2021,
          "phase": "rapid_growth",
          "growth_rate": 0.019561069772723316
        },
        {
          "year": 2022,
          "phase": "rapid_growth",
          "growth_rate": 0.019512370034153265
        },
        {
          "year": 2023,
          "phase": "consolidation",
          "growth_rate": 0.01936723596562903
        },
        {
          "year": 2024,
          "phase": "consolidation",
          "growth_rate": 0.019128522644887624
        },
        {
          "year": 2025,
          "phase": "consolidation",
          "growth_rate": 0.0189862436541004
        }
      ],
      "dsr_integration_depth": [
        {
          "year": 2021,
          "phase": "rapid_growth",
          "growth_rate": 0.01797792949119198
        },
        {
          "year": 2022,
          "phase": "rapid_growth",
          "growth_rate": 0.017933171179073115
        },
        {
          "year": 2023,
          "phase": "consolidation",
          "growth_rate": 0.01779978327743781
        },
        {
          "year": 2024,
          "phase": "consolidation",
          "growth_rate": 0.01758038979340118
        },
        {
          "year": 2025,
          "phase": "consolidation",
          "growth_rate": 0.017449625898880994
        }
      ]
    },
    "inflection_points": {
      "dsr_cognitive": {
        "year": 2021,
        "value": 0.33875535968909826,
        "growth_rate": 0.01877580858036132
      },
      "constitutive_index": {
        "year": 2021,
        "value": 0.3837403860619178,
        "growth_rate": 0.019561069772723316
      },
      "dsr_integration_depth": {
        "year": 2021,
        "value": 0.327811297498521,
        "growth_rate": 0.01797792949119198
      }
    },
    "maturity_assessment": {
      "dsr_cognitive": {
        "current_value": 0.27868827735170065,
        "carrying_capacity": 0.3238381862868345,
        "maturity_ratio": 0.8605787987734621,
        "years_to_inflection": -3,
        "current_phase": "consolidation"
      },
      "constitutive_index": {
        "current_value": 0.3399786997353274,
        "carrying_capacity": 0.37424824514500693,
        "maturity_ratio": 0.9084309790246274,
        "years_to_inflection": -3,
        "current_phase": "consolidation"
      },
      "dsr_integration_depth": {
        "current_value": 0.27093617645041074,
        "carrying_capacity": 0.31187013064199515,
        "maturity_ratio": 0.8687467949966209,
        "years_to_inflection": -3,
        "current_phase": "consolidation"
      }
    }
  },
  "path_dependency": {
    "lock_in_effects": {},
    "hysteresis_test": {
      "r2_without_history": 0.002167168054406865,
      "r2_with_history": 0.14089431526119878,
      "improvement": 0.1387271472067919,
      "has_hysteresis": true
    },
    "regime_switching": {},
    "critical_junctures": {}
  },
  "ccm_analysis": {
    "ccm_causality": {
      "dsr_causes_cs": {
        "library_sizes": [
          10,
          20,
          30,
          40,
          50,
          60,
          70,
          80,
          90,
          100
        ],
        "mean_rho": [],
        "convergent": false,
        "final_rho": 0
      },
      "cs_causes_dsr": {
        "library_sizes": [
          10,
          20,
          30,
          40,
          50,
          60,
          70,
          80,
          90,
          100
        ],
        "mean_rho": [],
        "convergent": false,
        "final_rho": 0
      }
    },
    "embedding_parameters": {
      "optimal_E": 7,
      "test_results": [
        {
          "E": 2,
          "rho": 0.886653
        },
        {
          "E": 3,
          "rho": 0.887703
        },
        {
          "E": 4,
          "rho": 0.888224
        },
        {
          "E": 5,
          "rho": 0.889165
        },
        {
          "E": 6,
          "rho": 0.88958
        },
        {
          "E": 7,
          "rho": 0.889821
        }
      ]
    },
    "convergence_test": {
      "bidirectional": false,
      "dominant_direction": "cs_to_dsr",
      "asymmetry": 0
    }
  },
  "evolution_stages": {
    "stage_classification": [
      {
        "year": 2021,
        "growth_phase": "rapid_growth",
        "integration_level": 0.327811297498521,
        "irreplaceability": 0.1782536597598244,
        "performance": 0.5479845350146014,