{
  "analysis_name": "认知适应与语用策略相关性分析",
  "timestamp": "2025-07-15T02:32:05.350408",
  "correlations": {
    "matrix": {
      "语用策略数量": {
        "认知适应成功度": -0.020995557389099483,
        "认知系统适应性": 0.31560614830197997,
        "认知即时效果": -0.03156769153493363,
        "认知系统特性": -0.8070747376199316,
        "认知涌现特征": 0.12219504951867882,
        "认知系统输出": -0.398857895698369
      },
      "策略多样性指数": {
        "认知适应成功度": 0.016998651738809066,
        "认知系统适应性": 0.9117093990707625,
        "认知即时效果": -0.012028160003942157,
        "认知系统特性": -0.10616713002998582,
        "认知涌现特征": 0.1719812962892771,
        "认知系统输出": 0.3286087611809523
      },
      "策略密度": {
        "认知适应成功度": 0.019857486777132765,
        "认知系统适应性": 0.00014439815164981468,
        "认知即时效果": 0.019322829859831955,
        "认知系统特性": -0.002751393723162991,
        "认知涌现特征": -0.0033319951741715547,
        "认知系统输出": 0.010348040636421921
      },
      "语境适应度": {
        "认知适应成功度": -0.17247406076806016,
        "认知系统适应性": 0.32368320327165395,
        "认知即时效果": -0.11130680259783626,
        "认知系统特性": -0.0716045900428004,
        "认知涌现特征": 0.060586229119586305,
        "认知系统输出": 0.05021769207689243
      },
      "关系建设分数": {
        "认知适应成功度": -0.020651580517454284,
        "认知系统适应性": 0.310905217232758,
        "认知即时效果": -0.03133817460925112,
        "认知系统特性": -0.8235091013530838,
        "认知涌现特征": 0.12860770835857493,
        "认知系统输出": -0.4069842681533696
      },
      "策略有效性": {
        "认知适应成功度": 0.00226647877426199,
        "认知系统适应性": 0.019394411207132353,
        "认知即时效果": 0.37782355868186535,
        "认知系统特性": 0.0014923818133566065,
        "认知涌现特征": 0.005540335324304606,
        "认知系统输出": 0.20357292995619272
      },
      "原则重申频率": {
        "认知适应成功度": -0.011519440154015844,
        "认知系统适应性": 0.0036856817420445323,
        "认知即时效果": -0.005398316892574412,
        "认知系统特性": -0.07336155418988533,
        "认知涌现特征": 0.09402182012943211,
        "认知系统输出": 0.030966710766080797
      },
      "信息限制频率": {
        "认知适应成功度": -0.013578485954388736,
        "认知系统适应性": 0.0017421339560386084,
        "认知即时效果": -0.0070343683212868695,
        "认知系统特性": -0.0664571317470911,
        "认知涌现特征": 0.08841289549263447,
        "认知系统输出": 0.02963481255336762
      }
    },
    "significant_correlations": [
      {
        "cognitive_var": "认知系统适应性",
        "pragmatic_var": "策略多样性指数",
        "correlation": 0.9117093990707625,
        "p_value": 0.0,
        "significance": "***",
        "strength": "强相关"
      },
      {
        "cognitive_var": "认知系统特性",
        "pragmatic_var": "关系建设分数",
        "correlation": -0.8235091013530838,
        "p_value": 0.0,
        "significance": "***",
        "strength": "强相关"
      },
      {
        "cognitive_var": "认知系统特性",
        "pragmatic_var": "语用策略数量",
        "correlation": -0.8070747376199316,
        "p_value": 0.0,
        "significance": "***",
        "strength": "强相关"
      },
      {
        "cognitive_var": "认知系统输出",
        "pragmatic_var": "关系建设分数",
        "correlation": -0.4069842681533696,
        "p_value": 0.0,
        "significance": "***",
        "strength": "弱相关"
      },
      {
        "cognitive_var": "认知系统输出",
        "pragmatic_var": "语用策略数量",
        "correlation": -0.398857895698369,
        "p_value": 0.0,
        "significance": "***",
        "strength": "弱相关"
      },
      {
        "cognitive_var": "认知即时效果",
        "pragmatic_var": "策略有效性",
        "correlation": 0.37782355868186535,
        "p_value": 0.0,
        "significance": "***",
        "strength": "弱相关"
      },
      {
        "cognitive_var": "认知系统输出",
        "pragmatic_var": "策略多样性指数",
        "correlation": 0.3286087611809523,
        "p_value": 1.0010314750291882e-250,
        "significance": "***",
        "strength": "弱相关"
      },
      {
        "cognitive_var": "认知系统适应性",
        "pragmatic_var": "语境适应度",
        "correlation": 0.32368320327165395,
        "p_value": 6.638206086527682e-243,
        "significance": "***",
        "strength": "弱相关"
      },
      {
        "cognitive_var": "认知系统适应性",
        "pragmatic_var": "语用策略数量",
        "correlation": 0.31560614830197997,
        "p_value": 2.159257650720041e-230,
        "significance": "***",
        "strength": "弱相关"
      },
      {
        "cognitive_var": "认知系统适应性",
        "pragmatic_var": "关系建设分数",
        "correlation": 0.310905217232758,
        "p_value": 2.749157558410579e-223,
        "significance": "***",
        "strength": "弱相关"
      },
      {
        "cognitive_var": "认知系统输出",
        "pragmatic_var": "策略有效性",
        "correlation": 0.20357292995619272,
        "p_value": 3.910282040671846e-94,
        "significance": "***",
        "strength": "极弱相关"
      },
      {
        "cognitive_var": "认知适应成功度",
        "pragmatic_var": "语境适应度",
        "correlation": -0.17247406076806016,
        "p_value": 1.052701732973277e-67,
        "significance": "***",
        "strength": "极弱相关"
      },
      {
        "cognitive_var": "认知涌现特征",
        "pragmatic_var": "策略多样性指数",
        "correlation": 0.1719812962892771,
        "p_value": 2.5337411105365253e-67,
        "significance": "***",
        "strength": "极弱相关"
      },
      {
        "cognitive_var": "认知涌现特征",
        "pragmatic_var": "关系建设分数",
        "correlation": 0.12860770835857493,
        "p_value": 3.4460121687783984e-38,
        "significance": "***",
        "strength": "极弱相关"
      },
      {
        "cognitive_var": "认知涌现特征",
        "pragmatic_var": "语用策略数量",
        "correlation": 0.12219504951867882,
        "p_value": 1.2913555254062624e-34,
        "significance": "***",
        "strength": "极弱相关"
      },
      {
        "cognitive_var": "认知即时效果",
        "pragmatic_var": "语境适应度",
        "correlation": -0.11130680259783626,
        "p_value": 5.673761547508969e-29,
        "significance": "***",
        "strength": "极弱相关"
      },
      {
        "cognitive_var": "认知系统特性",
        "pragmatic_var": "策略多样性指数",
        "correlation": -0.10616713002998582,
        "p_value": 1.708973949023643e-26,
        "significance": "***",
        "strength": "极弱相关"
      },
      {
        "cognitive_var": "认知涌现特征",
        "pragmatic_var": "原则重申频率",
        "correlation": 0.09402182012943211,
        "p_value": 4.198342817626982e-21,
        "significance": "***",
        "strength": "极弱相关"
      },
      {
        "cognitive_var": "认知涌现特征",
        "pragmatic_var": "信息限制频率",
        "correlation": 0.08841289549263447,
        "p_value": 7.799600232943597e-19,
        "significance": "***",
        "strength": "极弱相关"
      },
      {
        "cognitive_var": "认知系统特性",
        "pragmatic_var": "原则重申频率",
        "correlation": -0.07336155418988533,
        "p_value": 1.9888480391433834e-13,
        "significance": "***",
        "strength": "极弱相关"
      },
      {
        "cognitive_var": "认知系统特性",
        "pragmatic_var": "语境适应度",
        "correlation": -0.0716045900428004,
        "p_value": 7.333553552223243e-13,
        "significance": "***",
        "strength": "极弱相关"
      },
      {
        "cognitive_var": "认知系统特性",
        "pragmatic_var": "信息限制频率",
        "correlation": -0.0664571317470911,
        "p_value": 2.809441600491161e-11,
        "significance": "***",
        "strength": "极弱相关"
      },
      {
        "cognitive_var": "认知涌现特征",
        "pragmatic_var": "语境适应度",
        "correlation": 0.060586229119586305,
        "p_value": 1.3026180345814741e-09,
        "significance": "***",
        "strength": "极弱相关"
      },
      {
        "cognitive_var": "认知系统输出",
        "pragmatic_var": "语境适应度",
        "correlation": 0.05021769207689243,
        "p_value": 4.973668307106652e-07,
        "significance": "***",